number,best_val
0,best_val
1,0.045002493012794804
2,0.0
3,0.8203712424265914
4,0.8172096001430516
